NAME,Airport,year,yrMonth,serMonth,PRCP,TAVG,TMAX,TMIN
"SEATTLE, WA US",SEA,1948,1,1,4.49,38,43.6,32.5
"SEATTLE, WA US",SEA,1948,2,2,5.26,38.9,45.2,32.6
"SEATTLE, WA US",SEA,1948,3,3,3.68,42.9,51.1,34.7
"SEATTLE, WA US",SEA,1948,4,4,3.76,45.4,53.6,37.3
"SEATTLE, WA US",SEA,1948,5,5,4.77,52.9,61.4,44.4
"SEATTLE, WA US",SEA,1948,6,6,2.1,61.7,71.7,51.7
"SEATTLE, WA US",SEA,1948,7,7,1.54,62.4,73.1,51.6
"SEATTLE, WA US",SEA,1948,8,8,1.88,61.2,69.3,53
"SEATTLE, WA US",SEA,1948,9,9,3.85,57.1,67.1,47.2
"SEATTLE, WA US",SEA,1948,10,10,2.33,50.4,58.8,42
"SEATTLE, WA US",SEA,1948,11,11,6.07,42,47.7,36.4
"SEATTLE, WA US",SEA,1948,12,12,6.14,36,41.2,30.8
"SEATTLE, WA US",SEA,1949,1,13,0.78,29.9,37.3,22.6
"SEATTLE, WA US",SEA,1949,2,14,5.89,37.3,44.1,30.5
"SEATTLE, WA US",SEA,1949,3,15,3.54,45.6,53.2,37.9
"SEATTLE, WA US",SEA,1949,4,16,1.19,50.1,59.4,40.7
"SEATTLE, WA US",SEA,1949,5,17,1.3,57.3,68.4,46.1
"SEATTLE, WA US",SEA,1949,6,18,0.94,59,70.8,47.3
"SEATTLE, WA US",SEA,1949,7,19,1.04,62.6,74.1,51.1
"SEATTLE, WA US",SEA,1949,8,20,0.45,63.7,74.4,53
"SEATTLE, WA US",SEA,1949,9,21,1.43,60.8,71,50.5
"SEATTLE, WA US",SEA,1949,10,22,3.85,48.6,56.6,40.5
"SEATTLE, WA US",SEA,1949,11,23,6.78,49.4,56.2,42.6
"SEATTLE, WA US",SEA,1949,12,24,5.3,38.4,43.5,33.2
"SEATTLE, WA US",SEA,1950,1,25,8.92,24.9,30.7,19.1
"SEATTLE, WA US",SEA,1950,2,26,5.74,40,46.1,33.9
"SEATTLE, WA US",SEA,1950,3,27,8.4,42,47.9,36.2
"SEATTLE, WA US",SEA,1950,4,28,2.92,46.3,55.2,37.5
"SEATTLE, WA US",SEA,1950,5,29,0.78,51.6,61.6,41.6
"SEATTLE, WA US",SEA,1950,6,30,0.6,60.1,69.8,50.5
"SEATTLE, WA US",SEA,1950,7,31,1,63.6,75.1,52.2
"SEATTLE, WA US",SEA,1950,8,32,2.17,63.8,75.3,52.2
"SEATTLE, WA US",SEA,1950,9,33,2.3,57.8,68.3,47.3
"SEATTLE, WA US",SEA,1950,10,34,7.22,49.2,55.7,42.6
"SEATTLE, WA US",SEA,1950,11,35,7.98,43.6,48.8,38.3
"SEATTLE, WA US",SEA,1950,12,36,7.14,44.8,49.1,40.4
"SEATTLE, WA US",SEA,1951,1,37,6.8,36.9,42.2,31.7
"SEATTLE, WA US",SEA,1951,2,38,8.76,40.6,46.7,34.5
"SEATTLE, WA US",SEA,1951,3,39,3.76,39.3,46.4,32.3
"SEATTLE, WA US",SEA,1951,4,40,0.65,49.5,61.1,38
"SEATTLE, WA US",SEA,1951,5,41,1.62,54.2,64.6,43.8
"SEATTLE, WA US",SEA,1951,6,42,0.13,61.1,73.2,49
"SEATTLE, WA US",SEA,1951,7,43,0.31,64.4,76.4,52.4
"SEATTLE, WA US",SEA,1951,8,44,1.02,61.6,73.3,50
"SEATTLE, WA US",SEA,1951,9,45,2.03,59,69.5,48.6
"SEATTLE, WA US",SEA,1951,10,46,5.87,50.8,57.8,43.8
"SEATTLE, WA US",SEA,1951,11,47,5.44,44.5,50.8,38.3
"SEATTLE, WA US",SEA,1951,12,48,3.92,36.4,41.6,31.2
"SEATTLE, WA US",SEA,1952,1,49,4.89,36.4,41.6,31.3
"SEATTLE, WA US",SEA,1952,2,50,2.46,40.7,46.6,34.7
"SEATTLE, WA US",SEA,1952,3,51,3.53,42.3,48.8,35.8
"SEATTLE, WA US",SEA,1952,4,52,2.04,48.5,58.8,38.1
"SEATTLE, WA US",SEA,1952,5,53,0.98,54,63.9,44.1
"SEATTLE, WA US",SEA,1952,6,54,1.04,56.5,65.7,47.2
"SEATTLE, WA US",SEA,1952,7,55,0.41,63.4,75.5,51.3
"SEATTLE, WA US",SEA,1952,8,56,0.7,63,74,52
"SEATTLE, WA US",SEA,1952,9,57,0.32,59.2,70.6,47.7
"SEATTLE, WA US",SEA,1952,10,58,1.29,54.3,63.5,45
"SEATTLE, WA US",SEA,1952,11,59,1.11,41,48.5,33.6
"SEATTLE, WA US",SEA,1952,12,60,5.02,41.6,47,36.3
"SEATTLE, WA US",SEA,1953,1,61,12.91,44.3,49,39.6
"SEATTLE, WA US",SEA,1953,2,62,3.71,40.2,46,34.3
"SEATTLE, WA US",SEA,1953,3,63,3.73,42.9,50.1,35.8
"SEATTLE, WA US",SEA,1953,4,64,2.1,46.8,54.9,38.6
"SEATTLE, WA US",SEA,1953,5,65,2.51,52.6,61.7,43.5
"SEATTLE, WA US",SEA,1953,6,66,1.85,55.5,63.3,47.7
"SEATTLE, WA US",SEA,1953,7,67,0.67,61.8,72.2,51.5
"SEATTLE, WA US",SEA,1953,8,68,1.11,62.7,72.8,52.6
"SEATTLE, WA US",SEA,1953,9,69,3.28,59.6,69.7,49.6
"SEATTLE, WA US",SEA,1953,10,70,4.43,53.2,60.8,45.5
"SEATTLE, WA US",SEA,1953,11,71,7.22,46.7,52.9,40.5
"SEATTLE, WA US",SEA,1953,12,72,5.92,42.3,46.9,37.6
"SEATTLE, WA US",SEA,1954,1,73,8.36,36,40.7,31.4
"SEATTLE, WA US",SEA,1954,2,74,4.39,42.2,48.7,35.7
"SEATTLE, WA US",SEA,1954,3,75,2.07,40.7,49.9,31.4
"SEATTLE, WA US",SEA,1954,4,76,2.65,45.5,53.5,37.5
"SEATTLE, WA US",SEA,1954,5,77,1.89,53.9,63.6,44.2
"SEATTLE, WA US",SEA,1954,6,78,2.44,56.3,64.8,47.8
"SEATTLE, WA US",SEA,1954,7,79,1.46,60.1,69.5,50.7
"SEATTLE, WA US",SEA,1954,8,80,1.57,60.6,68.6,52.6
"SEATTLE, WA US",SEA,1954,9,81,1.68,58.7,66.2,51.1
"SEATTLE, WA US",SEA,1954,10,82,1.91,50.6,59,42.1
"SEATTLE, WA US",SEA,1954,11,83,7.68,48.9,54.4,43.5
"SEATTLE, WA US",SEA,1954,12,84,5.2,40.7,45.7,35.8
"SEATTLE, WA US",SEA,1955,1,85,3.35,39.1,43.6,34.6
"SEATTLE, WA US",SEA,1955,2,86,4.3,38.2,44.3,32.1
"SEATTLE, WA US",SEA,1955,3,87,3.26,39.1,46.1,32.2
"SEATTLE, WA US",SEA,1955,4,88,3.65,44.6,52.8,36.3
"SEATTLE, WA US",SEA,1955,5,89,1.95,50.6,58.9,42.4
"SEATTLE, WA US",SEA,1955,6,90,1.28,58,66.6,49.2
"SEATTLE, WA US",SEA,1955,7,91,2.1,60,68.6,51.5
"SEATTLE, WA US",SEA,1955,8,92,0.17,60.9,71.3,50.5
"SEATTLE, WA US",SEA,1955,9,93,1.53,57,66,47.9
"SEATTLE, WA US",SEA,1955,10,94,6.6,50.4,56.7,44.1
"SEATTLE, WA US",SEA,1955,11,95,8.96,38.9,44.4,33.4
"SEATTLE, WA US",SEA,1955,12,96,9.5,38.4,43.6,33.1
"SEATTLE, WA US",SEA,1956,1,97,8.67,39,44.3,33.6
"SEATTLE, WA US",SEA,1956,2,98,2.17,35.6,40.7,30.6
"SEATTLE, WA US",SEA,1956,3,99,4.95,40.8,47.5,34.1
"SEATTLE, WA US",SEA,1956,4,100,0.33,49.6,59.8,39.4
"SEATTLE, WA US",SEA,1956,5,101,0.83,56.8,67.2,46.4
"SEATTLE, WA US",SEA,1956,6,102,2.47,56.9,64.6,49.2
"SEATTLE, WA US",SEA,1956,7,103,0.33,64.6,75.5,53.7
"SEATTLE, WA US",SEA,1956,8,104,0.76,62.9,73.5,52.4
"SEATTLE, WA US",SEA,1956,9,105,2.43,57.9,66.5,49.2
"SEATTLE, WA US",SEA,1956,10,106,6.71,49.5,55.6,43.3
"SEATTLE, WA US",SEA,1956,11,107,1.59,42.6,48.3,36.9
"SEATTLE, WA US",SEA,1956,12,108,5.63,40.2,45.1,35.3
"SEATTLE, WA US",SEA,1957,1,109,2.41,32.6,37.9,27.3
"SEATTLE, WA US",SEA,1957,2,110,5.58,39.5,45.6,33.4
"SEATTLE, WA US",SEA,1957,3,111,6.28,44.4,50.3,38.5
"SEATTLE, WA US",SEA,1957,4,112,2.24,50.1,57.8,42.4
"SEATTLE, WA US",SEA,1957,5,113,1.17,57.9,66.6,49.2
"SEATTLE, WA US",SEA,1957,6,114,1.19,60.3,68.7,52
"SEATTLE, WA US",SEA,1957,7,115,1.1,61.8,71,52.6
"SEATTLE, WA US",SEA,1957,8,116,1.64,61.6,71,52.2
"SEATTLE, WA US",SEA,1957,9,117,0.76,62.7,73.5,51.9
"SEATTLE, WA US",SEA,1957,10,118,3.79,50.7,57.8,43.6
"SEATTLE, WA US",SEA,1957,11,119,3,43.5,49.9,37.1
"SEATTLE, WA US",SEA,1957,12,120,5.52,43.6,48.6,38.7
"SEATTLE, WA US",SEA,1958,1,121,8.72,43.6,48.7,38.5
"SEATTLE, WA US",SEA,1958,2,122,5.37,47.5,53.3,41.7
"SEATTLE, WA US",SEA,1958,3,123,2.26,44,51.6,36.4
"SEATTLE, WA US",SEA,1958,4,124,3.51,49.2,58,40.4
"SEATTLE, WA US",SEA,1958,5,125,0.95,60.4,70.6,50.2
"SEATTLE, WA US",SEA,1958,6,126,0.9,63.9,73,54.9
"SEATTLE, WA US",SEA,1958,7,127,0,68.8,81.4,56.2
"SEATTLE, WA US",SEA,1958,8,128,0.31,66.5,78.3,54.8
"SEATTLE, WA US",SEA,1958,9,129,1.43,59.8,68.1,51.5
"SEATTLE, WA US",SEA,1958,10,130,3.99,53.9,61.9,45.9
"SEATTLE, WA US",SEA,1958,11,131,8.07,43.4,48.8,38.1
"SEATTLE, WA US",SEA,1958,12,132,7.15,44.9,49.6,40.1
"SEATTLE, WA US",SEA,1959,1,133,7.98,40.8,45.1,36.4
"SEATTLE, WA US",SEA,1959,2,134,3.64,41,46,36
"SEATTLE, WA US",SEA,1959,3,135,4.13,44.1,50.3,38
"SEATTLE, WA US",SEA,1959,4,136,3.59,49.6,56.9,42.2
"SEATTLE, WA US",SEA,1959,5,137,1.6,53.4,62.5,44.4
"SEATTLE, WA US",SEA,1959,6,138,1.82,59.5,67.5,51.5
"SEATTLE, WA US",SEA,1959,7,139,0.93,66.1,76.9,55.2
"SEATTLE, WA US",SEA,1959,8,140,0.6,62.3,71.7,52.8
"SEATTLE, WA US",SEA,1959,9,141,4.59,57.4,64.5,50.4
"SEATTLE, WA US",SEA,1959,10,142,2.67,52,58.2,45.8
"SEATTLE, WA US",SEA,1959,11,143,8.14,43.9,50,37.8
"SEATTLE, WA US",SEA,1959,12,144,6.84,40.3,45.1,35.4
"SEATTLE, WA US",SEA,1960,1,145,5.47,38.9,43,34.8
"SEATTLE, WA US",SEA,1960,2,146,4.01,41.2,46.7,35.6
"SEATTLE, WA US",SEA,1960,3,147,4.09,43.5,50.3,36.7
"SEATTLE, WA US",SEA,1960,4,148,2.88,49.2,57.3,41.1
"SEATTLE, WA US",SEA,1960,5,149,3.05,52.7,60.5,44.8
"SEATTLE, WA US",SEA,1960,6,150,0.7,59.5,69.4,49.7
"SEATTLE, WA US",SEA,1960,7,151,0,66.7,79.6,53.8
"SEATTLE, WA US",SEA,1960,8,152,1.92,62.2,70.8,53.6
"SEATTLE, WA US",SEA,1960,9,153,1.17,58,66.5,49.5
"SEATTLE, WA US",SEA,1960,10,154,4.22,52.7,59.3,46
"SEATTLE, WA US",SEA,1960,11,155,8.04,44.5,50.6,38.4
"SEATTLE, WA US",SEA,1960,12,156,3.76,39.5,44.9,34
"SEATTLE, WA US",SEA,1961,1,157,7.71,43.6,49.7,37.5
"SEATTLE, WA US",SEA,1961,2,158,9.11,44.4,49.2,39.6
"SEATTLE, WA US",SEA,1961,3,159,4.47,45.2,52.3,38.2
"SEATTLE, WA US",SEA,1961,4,160,2.35,47,53.9,40.1
"SEATTLE, WA US",SEA,1961,5,161,3.07,53.8,62.4,45.2
"SEATTLE, WA US",SEA,1961,6,162,0.54,63.4,74.1,52.8
"SEATTLE, WA US",SEA,1961,7,163,0.75,67,78.5,55.6
"SEATTLE, WA US",SEA,1961,8,164,0.82,68.4,80.3,56.4
"SEATTLE, WA US",SEA,1961,9,165,0.47,58.7,68.3,49.1
"SEATTLE, WA US",SEA,1961,10,166,3.27,50.8,58.5,43.1
"SEATTLE, WA US",SEA,1961,11,167,4.67,41.9,48.5,35.2
"SEATTLE, WA US",SEA,1961,12,168,5.32,39.3,43.8,34.9
"SEATTLE, WA US",SEA,1962,1,169,2.43,38.4,43.9,32.8
"SEATTLE, WA US",SEA,1962,2,170,2.29,43,49.4,36.7
"SEATTLE, WA US",SEA,1962,3,171,2.87,43.3,50.8,35.8
"SEATTLE, WA US",SEA,1962,4,172,2.03,49.9,58.4,41.5
"SEATTLE, WA US",SEA,1962,5,173,1.83,50.6,57.5,43.8
"SEATTLE, WA US",SEA,1962,6,174,0.68,59.9,70,49.7
"SEATTLE, WA US",SEA,1962,7,175,0.69,63.5,74.4,52.6
"SEATTLE, WA US",SEA,1962,8,176,1.96,62,71.2,52.8
"SEATTLE, WA US",SEA,1962,9,177,2.31,59.6,69,50.1
"SEATTLE, WA US",SEA,1962,10,178,4.17,52.5,59.1,46
"SEATTLE, WA US",SEA,1962,11,179,9.34,46.5,51.5,41.4
"SEATTLE, WA US",SEA,1962,12,180,5.22,42.2,47,37.5
"SEATTLE, WA US",SEA,1963,1,181,2.26,33.9,38.7,29.1
"SEATTLE, WA US",SEA,1963,2,182,4.36,48.2,55,41.4
"SEATTLE, WA US",SEA,1963,3,183,3.44,43.8,50.9,36.6
"SEATTLE, WA US",SEA,1963,4,184,3.06,48.3,55.3,41.2
"SEATTLE, WA US",SEA,1963,5,185,0.9,57.7,67.9,47.5
"SEATTLE, WA US",SEA,1963,6,186,1.68,59.8,67.8,51.9
"SEATTLE, WA US",SEA,1963,7,187,1.18,62.3,70.9,53.8
"SEATTLE, WA US",SEA,1963,8,188,0.73,64.5,74.1,55
"SEATTLE, WA US",SEA,1963,9,189,0.59,63.5,73.3,53.7
"SEATTLE, WA US",SEA,1963,10,190,5.07,54.4,61.3,47.6
"SEATTLE, WA US",SEA,1963,11,191,9.69,44.4,49.8,39
"SEATTLE, WA US",SEA,1963,12,192,5.79,40.7,45.6,35.9
"SEATTLE, WA US",SEA,1964,1,193,9.77,39.9,44.7,35.1
"SEATTLE, WA US",SEA,1964,2,194,1.67,41.3,48.2,34.5
"SEATTLE, WA US",SEA,1964,3,195,2.96,44.1,50.7,37.5
"SEATTLE, WA US",SEA,1964,4,196,1.56,46.8,54.6,39
"SEATTLE, WA US",SEA,1964,5,197,0.91,53.2,62.9,43.5
"SEATTLE, WA US",SEA,1964,6,198,3.82,57.9,65.6,50.2
"SEATTLE, WA US",SEA,1964,7,199,1,63.5,72.3,54.7
"SEATTLE, WA US",SEA,1964,8,200,1.23,62.6,71.2,53.9
"SEATTLE, WA US",SEA,1964,9,201,2.28,58.5,66.5,50.5
"SEATTLE, WA US",SEA,1964,10,202,1,53.5,61.5,45.5
"SEATTLE, WA US",SEA,1964,11,203,9.64,42.1,46.8,37.3
"SEATTLE, WA US",SEA,1964,12,204,5.54,36.4,41.3,31.5
"SEATTLE, WA US",SEA,1965,1,205,5.28,40.2,44.6,35.8
"SEATTLE, WA US",SEA,1965,2,206,3.88,42.9,48.3,37.6
"SEATTLE, WA US",SEA,1965,3,207,0.57,47,56.5,37.4
"SEATTLE, WA US",SEA,1965,4,208,3.73,49.4,57.5,41.4
"SEATTLE, WA US",SEA,1965,5,209,1.63,51.9,60.6,43.1
"SEATTLE, WA US",SEA,1965,6,210,0.59,60.8,71.4,50.2
"SEATTLE, WA US",SEA,1965,7,211,0.38,67.7,79.4,56
"SEATTLE, WA US",SEA,1965,8,212,2.18,65.7,74.6,56.8
"SEATTLE, WA US",SEA,1965,9,213,0.48,58.3,66.5,50.2
"SEATTLE, WA US",SEA,1965,10,214,2.77,56.4,63.8,49
"SEATTLE, WA US",SEA,1965,11,215,4.99,49.4,54.5,44.3
"SEATTLE, WA US",SEA,1965,12,216,7.11,40.4,45.2,35.7
"SEATTLE, WA US",SEA,1966,1,217,5.43,41.1,45.9,36.3
"SEATTLE, WA US",SEA,1966,2,218,2.31,43.9,49.8,38
"SEATTLE, WA US",SEA,1966,3,219,4.38,45.1,52.3,37.9
"SEATTLE, WA US",SEA,1966,4,220,1.99,50,57.9,42
"SEATTLE, WA US",SEA,1966,5,221,1.35,54.5,63.9,45
"SEATTLE, WA US",SEA,1966,6,222,1.15,58.7,67.2,50.2
"SEATTLE, WA US",SEA,1966,7,223,1.35,62.1,70.7,53.5
"SEATTLE, WA US",SEA,1966,8,224,0.42,64.5,74.9,54
"SEATTLE, WA US",SEA,1966,9,225,1.78,61.4,69.3,53.5
"SEATTLE, WA US",SEA,1966,10,226,2.92,51.4,58.2,44.6
"SEATTLE, WA US",SEA,1966,11,227,6.85,45.3,50.6,40.1
"SEATTLE, WA US",SEA,1966,12,228,8.31,43.5,47.4,39.6
"SEATTLE, WA US",SEA,1967,1,229,9.32,42.3,46.4,38.3
"SEATTLE, WA US",SEA,1967,2,230,2.72,42.8,48.7,36.9
"SEATTLE, WA US",SEA,1967,3,231,3.7,42.1,48.2,36
"SEATTLE, WA US",SEA,1967,4,232,2.5,46.5,53.7,39.4
"SEATTLE, WA US",SEA,1967,5,233,0.38,55.4,63.9,46.9
"SEATTLE, WA US",SEA,1967,6,234,2.04,62.7,72,53.3
"SEATTLE, WA US",SEA,1967,7,235,0.01,66.4,76.7,56.2
"SEATTLE, WA US",SEA,1967,8,236,0.02,71.1,83.7,58.4
"SEATTLE, WA US",SEA,1967,9,237,0.94,65.7,76.4,55
"SEATTLE, WA US",SEA,1967,10,238,6.66,54.8,60.9,48.6
"SEATTLE, WA US",SEA,1967,11,239,2.56,47.3,52.5,42.1
"SEATTLE, WA US",SEA,1967,12,240,4.72,41.5,45.5,37.6
"SEATTLE, WA US",SEA,1968,1,241,6.91,40.9,45.7,36.1
"SEATTLE, WA US",SEA,1968,2,242,6.08,48.5,56.5,40.5
"SEATTLE, WA US",SEA,1968,3,243,5.09,48.6,55.4,41.7
"SEATTLE, WA US",SEA,1968,4,244,1.33,48.6,56.6,40.7
"SEATTLE, WA US",SEA,1968,5,245,1.68,57.3,66,48.5
"SEATTLE, WA US",SEA,1968,6,246,3.02,60.7,69.2,52.2
"SEATTLE, WA US",SEA,1968,7,247,0.83,67,78.2,55.8
"SEATTLE, WA US",SEA,1968,8,248,4.58,63.6,72,55.3
"SEATTLE, WA US",SEA,1968,9,249,1.93,59.1,65.8,52.3
"SEATTLE, WA US",SEA,1968,10,250,4.32,51.4,57.4,45.4
"SEATTLE, WA US",SEA,1968,11,251,5.85,46.8,51.9,41.7
"SEATTLE, WA US",SEA,1968,12,252,8.55,36.6,41.2,32.1
"SEATTLE, WA US",SEA,1969,1,253,5.7,33.1,36.8,29.4
"SEATTLE, WA US",SEA,1969,2,254,3.16,42.3,48.3,36.3
"SEATTLE, WA US",SEA,1969,3,255,2.2,46.9,54.6,39.1
"SEATTLE, WA US",SEA,1969,4,256,3.44,48.9,56.4,41.4
"SEATTLE, WA US",SEA,1969,5,257,2.93,58,67.9,48.1
"SEATTLE, WA US",SEA,1969,6,258,0.91,64.3,73.5,55.1
"SEATTLE, WA US",SEA,1969,7,259,0.28,64.7,75.3,54.1
"SEATTLE, WA US",SEA,1969,8,260,0.45,64,73.2,54.8
"SEATTLE, WA US",SEA,1969,9,261,5.57,60.9,68.9,52.9
"SEATTLE, WA US",SEA,1969,10,262,1.2,52.4,59.8,45
"SEATTLE, WA US",SEA,1969,11,263,2.22,46.5,51.3,41.8
"SEATTLE, WA US",SEA,1969,12,264,5.68,45.2,49.7,40.7
"SEATTLE, WA US",SEA,1970,1,265,8.22,41.2,45.5,36.9
"SEATTLE, WA US",SEA,1970,2,266,2.26,47,53.4,40.6
"SEATTLE, WA US",SEA,1970,3,267,3.16,46,53,38.9
"SEATTLE, WA US",SEA,1970,4,268,3.32,46.1,52.6,39.5
"SEATTLE, WA US",SEA,1970,5,269,1.17,54.7,63.4,45.9
"SEATTLE, WA US",SEA,1970,6,270,0.43,62.7,72.7,52.6
"SEATTLE, WA US",SEA,1970,7,271,0.48,64.9,75,54.8
"SEATTLE, WA US",SEA,1970,8,272,0.32,64.5,73.9,55
"SEATTLE, WA US",SEA,1970,9,273,2.23,58.6,66.2,51
"SEATTLE, WA US",SEA,1970,10,274,2.52,50.7,57.6,43.9
"SEATTLE, WA US",SEA,1970,11,275,5.04,46.5,51.9,41
"SEATTLE, WA US",SEA,1970,12,276,8.29,38.9,42.7,35.2
"SEATTLE, WA US",SEA,1971,1,277,5.33,39.7,43.6,35.7
"SEATTLE, WA US",SEA,1971,2,278,4.37,42.3,47.1,37.5
"SEATTLE, WA US",SEA,1971,3,279,7.11,41.3,46.9,35.7
"SEATTLE, WA US",SEA,1971,4,280,2.39,48.9,56.8,41
"SEATTLE, WA US",SEA,1971,5,281,1.43,54.5,62.9,46.1
"SEATTLE, WA US",SEA,1971,6,282,2.28,55.9,62.7,49
"SEATTLE, WA US",SEA,1971,7,283,0.68,65.5,75.6,55.4
"SEATTLE, WA US",SEA,1971,8,284,0.57,67.7,77.8,57.6
"SEATTLE, WA US",SEA,1971,9,285,3.52,57.6,65.5,49.6
"SEATTLE, WA US",SEA,1971,10,286,3.57,50.9,56.8,45.1
"SEATTLE, WA US",SEA,1971,11,287,5.31,45.7,50,41.4
"SEATTLE, WA US",SEA,1971,12,288,6.68,37.5,41.8,33.2
"SEATTLE, WA US",SEA,1972,1,289,7.25,36.9,41.7,32.2
"SEATTLE, WA US",SEA,1972,2,290,8.11,41.4,47.2,35.6
"SEATTLE, WA US",SEA,1972,3,291,6.75,46.8,52.9,40.8
"SEATTLE, WA US",SEA,1972,4,292,4.12,47,54.3,39.7
"SEATTLE, WA US",SEA,1972,5,293,0.69,58.4,67.7,49
"SEATTLE, WA US",SEA,1972,6,294,1.82,60,68,52.1
"SEATTLE, WA US",SEA,1972,7,295,1.34,66,75.9,56.1
"SEATTLE, WA US",SEA,1972,8,296,1.13,66.7,77.5,55.8
"SEATTLE, WA US",SEA,1972,9,297,4.11,55.3,63.1,47.6
"SEATTLE, WA US",SEA,1972,10,298,0.72,50.1,56.8,43.3
"SEATTLE, WA US",SEA,1972,11,299,3.38,46.7,51.8,41.6
"SEATTLE, WA US",SEA,1972,12,300,8.98,38.1,41.6,34.6
"SEATTLE, WA US",SEA,1973,1,301,4.3,38.7,43.5,33.9
"SEATTLE, WA US",SEA,1973,2,302,1.89,43.9,50.6,37.2
"SEATTLE, WA US",SEA,1973,3,303,1.62,44.1,50.3,37.9
"SEATTLE, WA US",SEA,1973,4,304,1.36,48.6,57.3,39.9
"SEATTLE, WA US",SEA,1973,5,305,1.6,56.5,65.7,47.3
"SEATTLE, WA US",SEA,1973,6,306,2.5,59.3,66.9,51.6
"SEATTLE, WA US",SEA,1973,7,307,0.08,64.7,75.3,54
"SEATTLE, WA US",SEA,1973,8,308,0.28,61.6,70.7,52.4
"SEATTLE, WA US",SEA,1973,9,309,1.81,61.8,70.3,53.3
"SEATTLE, WA US",SEA,1973,10,310,3.32,52.2,57.9,46.5
"SEATTLE, WA US",SEA,1973,11,311,7.98,43.7,48.4,39
"SEATTLE, WA US",SEA,1973,12,312,8.32,44.4,48.5,40.2
"SEATTLE, WA US",SEA,1974,1,313,7.78,38.7,43.6,33.9
"SEATTLE, WA US",SEA,1974,2,314,4.02,43.1,48,38.3
"SEATTLE, WA US",SEA,1974,3,315,5.83,46.3,52.9,39.7
"SEATTLE, WA US",SEA,1974,4,316,2.39,50.3,56.6,44
"SEATTLE, WA US",SEA,1974,5,317,1.37,54.9,62.5,47.2
"SEATTLE, WA US",SEA,1974,6,318,1.25,62.6,72.5,52.7
"SEATTLE, WA US",SEA,1974,7,319,1.51,64,73.7,54.2
"SEATTLE, WA US",SEA,1974,8,320,0.01,64.6,75.2,54
"SEATTLE, WA US",SEA,1974,9,321,0.21,64.4,76,52.7
"SEATTLE, WA US",SEA,1974,10,322,2,52.5,61.8,43.2
"SEATTLE, WA US",SEA,1974,11,323,5.06,45.1,50.1,40.1
"SEATTLE, WA US",SEA,1974,12,324,6.45,42.4,47.2,37.7
"SEATTLE, WA US",SEA,1975,1,325,6.02,38.7,43.1,34.4
"SEATTLE, WA US",SEA,1975,2,326,5.8,40.8,47,34.6
"SEATTLE, WA US",SEA,1975,3,327,2.87,42.9,49.8,35.9
"SEATTLE, WA US",SEA,1975,4,328,2.49,45.8,53.6,38
"SEATTLE, WA US",SEA,1975,5,329,1.13,54.6,64.1,45
"SEATTLE, WA US",SEA,1975,6,330,0.84,60.7,69.6,51.7
"SEATTLE, WA US",SEA,1975,7,331,0.27,67.5,78,57
"SEATTLE, WA US",SEA,1975,8,332,4.59,63.2,71.5,54.9
"SEATTLE, WA US",SEA,1975,9,333,0,63,73.3,52.6
"SEATTLE, WA US",SEA,1975,10,334,7.76,51.4,57,45.8
"SEATTLE, WA US",SEA,1975,11,335,5.07,44.9,50.5,39.3
"SEATTLE, WA US",SEA,1975,12,336,7.67,41.5,46.5,36.4
"SEATTLE, WA US",SEA,1976,1,337,5.54,41.7,46.3,37.2
"SEATTLE, WA US",SEA,1976,2,338,4.73,40.9,46.8,35
"SEATTLE, WA US",SEA,1976,3,339,2.72,41.2,48.2,34.2
"SEATTLE, WA US",SEA,1976,4,340,1.67,49.5,58,41
"SEATTLE, WA US",SEA,1976,5,341,1.61,56.4,65.5,47.2
"SEATTLE, WA US",SEA,1976,6,342,0.63,60,69.4,50.6
"SEATTLE, WA US",SEA,1976,7,343,1.17,65.9,75.9,55.9
"SEATTLE, WA US",SEA,1976,8,344,2.71,64.1,71.1,57.1
"SEATTLE, WA US",SEA,1976,9,345,1.25,62.5,70.8,54.3
"SEATTLE, WA US",SEA,1976,10,346,2.07,54.9,62.3,47.4
"SEATTLE, WA US",SEA,1976,11,347,0.74,47.7,54.1,41.4
"SEATTLE, WA US",SEA,1976,12,348,1.86,44.7,49.8,39.6
"SEATTLE, WA US",SEA,1977,1,349,1.78,39.4,44.7,34.1
"SEATTLE, WA US",SEA,1977,2,350,1.58,48.7,55.8,41.5
"SEATTLE, WA US",SEA,1977,3,351,3.8,45.7,51.5,39.9
"SEATTLE, WA US",SEA,1977,4,352,0.56,53.6,63.2,44
"SEATTLE, WA US",SEA,1977,5,353,3.7,54.5,61.9,47
"SEATTLE, WA US",SEA,1977,6,354,0.54,63,72.6,53.4
"SEATTLE, WA US",SEA,1977,7,355,0.42,65.1,75.2,55
"SEATTLE, WA US",SEA,1977,8,356,3.58,68.4,79.7,57.2
"SEATTLE, WA US",SEA,1977,9,357,2.54,58.9,66.8,51
"SEATTLE, WA US",SEA,1977,10,358,2.6,52.2,59,45.4
"SEATTLE, WA US",SEA,1977,11,359,5.27,43.9,49.1,38.6
"SEATTLE, WA US",SEA,1977,12,360,6.47,42.1,46.7,37.6
"SEATTLE, WA US",SEA,1978,1,361,4.3,44.4,48.8,40
"SEATTLE, WA US",SEA,1978,2,362,3.59,46,51.7,40.3
"SEATTLE, WA US",SEA,1978,3,363,2.44,48.6,56,41.2
"SEATTLE, WA US",SEA,1978,4,364,4.19,49.9,57.3,42.5
"SEATTLE, WA US",SEA,1978,5,365,1.79,54.5,63.1,45.8
"SEATTLE, WA US",SEA,1978,6,366,0.75,64.3,74.7,53.9
"SEATTLE, WA US",SEA,1978,7,367,1.4,65.8,76.2,55.4
"SEATTLE, WA US",SEA,1978,8,368,1.19,65.4,74.4,56.5
"SEATTLE, WA US",SEA,1978,9,369,5.96,58.8,65.3,52.3
"SEATTLE, WA US",SEA,1978,10,370,0.98,54.3,62.1,46.5
"SEATTLE, WA US",SEA,1978,11,371,6.05,41.2,47.1,35.3
"SEATTLE, WA US",SEA,1978,12,372,1.37,37.5,42.7,32.2
"SEATTLE, WA US",SEA,1979,1,373,2.25,37.8,43.4,32.2
"SEATTLE, WA US",SEA,1979,2,374,5.32,42.2,47.7,36.8
"SEATTLE, WA US",SEA,1979,3,375,1.56,49.3,57.5,41.1
"SEATTLE, WA US",SEA,1979,4,376,0.81,50.8,58.7,42.9
"SEATTLE, WA US",SEA,1979,5,377,0.88,57.2,66.8,47.6
"SEATTLE, WA US",SEA,1979,6,378,0.46,62.5,73.3,51.7
"SEATTLE, WA US",SEA,1979,7,379,0.73,67.4,78.7,56.1
"SEATTLE, WA US",SEA,1979,8,380,1.02,63.9,72.9,55
"SEATTLE, WA US",SEA,1979,9,381,2.07,62.6,70.9,54.3
"SEATTLE, WA US",SEA,1979,10,382,3.38,54.2,60.7,47.6
"SEATTLE, WA US",SEA,1979,11,383,1.94,43.9,49.8,38
"SEATTLE, WA US",SEA,1979,12,384,11.85,44.1,48.9,39.3
"SEATTLE, WA US",SEA,1980,1,385,4.09,34.8,39.9,29.7
"SEATTLE, WA US",SEA,1980,2,386,5.04,43.8,49.5,38
"SEATTLE, WA US",SEA,1980,3,387,2.11,44.3,50,38.6
"SEATTLE, WA US",SEA,1980,4,388,3.23,51.6,60.4,42.8
"SEATTLE, WA US",SEA,1980,5,389,0.98,54.2,62,46.5
"SEATTLE, WA US",SEA,1980,6,390,1.77,57.5,64.7,50.3
"SEATTLE, WA US",SEA,1980,7,391,0.46,63.8,73.2,54.3
"SEATTLE, WA US",SEA,1980,8,392,0.64,61.9,70.9,53
"SEATTLE, WA US",SEA,1980,9,393,1.43,59.6,67.4,51.9
"SEATTLE, WA US",SEA,1980,10,394,1.32,53.8,62.3,45.4
"SEATTLE, WA US",SEA,1980,11,395,7.15,46.7,51.9,41.4
"SEATTLE, WA US",SEA,1980,12,396,7.4,44.1,48.2,39.9
"SEATTLE, WA US",SEA,1981,1,397,2.43,44.3,50.5,38.2
"SEATTLE, WA US",SEA,1981,2,398,4.46,44.2,50.5,37.8
"SEATTLE, WA US",SEA,1981,3,399,2.23,48.8,56,41.6
"SEATTLE, WA US",SEA,1981,4,400,1.59,49.6,57.1,42.1
"SEATTLE, WA US",SEA,1981,5,401,1.34,54.7,62.5,46.9
"SEATTLE, WA US",SEA,1981,6,402,2.32,57.5,65,50
"SEATTLE, WA US",SEA,1981,7,403,1.39,63.3,72.3,54.3
"SEATTLE, WA US",SEA,1981,8,404,0.25,68.1,79.1,57
"SEATTLE, WA US",SEA,1981,9,405,3.42,61,70.5,51.6
"SEATTLE, WA US",SEA,1981,10,406,6.4,50.9,57,44.8
"SEATTLE, WA US",SEA,1981,11,407,4.07,47.1,52.8,41.4
"SEATTLE, WA US",SEA,1981,12,408,5.56,41.6,46,37.3
"SEATTLE, WA US",SEA,1982,1,409,5.36,39.3,43.2,35.4
"SEATTLE, WA US",SEA,1982,2,410,7.57,42.1,47.5,36.7
"SEATTLE, WA US",SEA,1982,3,411,3.74,44.1,51.2,36.9
"SEATTLE, WA US",SEA,1982,4,412,2.07,47.4,55.9,38.8
"SEATTLE, WA US",SEA,1982,5,413,0.63,54.6,63.7,45.6
"SEATTLE, WA US",SEA,1982,6,414,1.03,63.1,73.2,53
"SEATTLE, WA US",SEA,1982,7,415,0.59,62.7,71.7,53.8
"SEATTLE, WA US",SEA,1982,8,416,0.62,65.1,74.5,55.7
"SEATTLE, WA US",SEA,1982,9,417,1.49,60.6,68.8,52.3
"SEATTLE, WA US",SEA,1982,10,418,4.07,52.7,59.6,45.8
"SEATTLE, WA US",SEA,1982,11,419,5.31,43.2,49.1,37.2
"SEATTLE, WA US",SEA,1982,12,420,6.86,40.7,45.6,35.9
"SEATTLE, WA US",SEA,1983,1,421,7.07,44.9,50,39.9
"SEATTLE, WA US",SEA,1983,2,422,4.56,46.9,52.7,41.2
"SEATTLE, WA US",SEA,1983,3,423,3.81,49.3,55.8,42.9
"SEATTLE, WA US",SEA,1983,4,424,1.06,50.7,59.5,41.8
"SEATTLE, WA US",SEA,1983,5,425,2.1,57.7,66.3,49
"SEATTLE, WA US",SEA,1983,6,426,1.86,59.9,67.5,52.3
"SEATTLE, WA US",SEA,1983,7,427,2.4,63.2,71.3,55.2
"SEATTLE, WA US",SEA,1983,8,428,1.9,65.6,74,57.2
"SEATTLE, WA US",SEA,1983,9,429,1.85,58.2,66.1,50.4
"SEATTLE, WA US",SEA,1983,10,430,1.34,51.6,58.1,45.2
"SEATTLE, WA US",SEA,1983,11,431,7.97,47.7,52.5,43
"SEATTLE, WA US",SEA,1983,12,432,5.02,36.1,40.7,31.5
"SEATTLE, WA US",SEA,1984,1,433,3.63,43.2,47.8,38.6
"SEATTLE, WA US",SEA,1984,2,434,3.91,44.8,50.7,38.9
"SEATTLE, WA US",SEA,1984,3,435,3.91,48.5,55.2,41.8
"SEATTLE, WA US",SEA,1984,4,436,2.87,48.7,56.4,41
"SEATTLE, WA US",SEA,1984,5,437,3.37,52.9,60.5,45.2
"SEATTLE, WA US",SEA,1984,6,438,2.81,58.8,67,50.6
"SEATTLE, WA US",SEA,1984,7,439,0.17,65,75.3,54.7
"SEATTLE, WA US",SEA,1984,8,440,0.13,64.9,74.8,55
"SEATTLE, WA US",SEA,1984,9,441,1.01,59.8,68.3,51.4
"SEATTLE, WA US",SEA,1984,10,442,2.14,49.7,56.4,42.9
"SEATTLE, WA US",SEA,1984,11,443,8.09,44.6,49.5,39.8
"SEATTLE, WA US",SEA,1984,12,444,4.95,36.8,41.4,32.1
"SEATTLE, WA US",SEA,1985,1,445,0.58,37.1,42.9,31.3
"SEATTLE, WA US",SEA,1985,2,446,2.63,39,44.6,33.4
"SEATTLE, WA US",SEA,1985,3,447,2.56,43.3,50.6,35.9
"SEATTLE, WA US",SEA,1985,4,448,1.31,49.1,56.8,41.5
"SEATTLE, WA US",SEA,1985,5,449,0.86,54.8,63.8,45.8
"SEATTLE, WA US",SEA,1985,6,450,2.8,60,69.2,50.8
"SEATTLE, WA US",SEA,1985,7,451,0.1,68.6,80.9,56.2
"SEATTLE, WA US",SEA,1985,8,452,0.55,65.1,75.8,54.5
"SEATTLE, WA US",SEA,1985,9,453,1.98,58.1,65.9,50.3
"SEATTLE, WA US",SEA,1985,10,454,5.74,51.3,57.7,45
"SEATTLE, WA US",SEA,1985,11,455,4.27,35.8,40.6,30.9
"SEATTLE, WA US",SEA,1985,12,456,1.78,36.1,41.4,30.9
"SEATTLE, WA US",SEA,1986,1,457,8.55,44.9,50.8,38.9
"SEATTLE, WA US",SEA,1986,2,458,4.42,42.8,49.2,36.4
"SEATTLE, WA US",SEA,1986,3,459,2.67,49.2,56.7,41.7
"SEATTLE, WA US",SEA,1986,4,460,1.39,48.1,55.1,41.1
"SEATTLE, WA US",SEA,1986,5,461,1.72,55.7,63.8,47.7
"SEATTLE, WA US",SEA,1986,6,462,0.68,62.6,72.6,52.7
"SEATTLE, WA US",SEA,1986,7,463,1.1,61.7,70.3,53.1
"SEATTLE, WA US",SEA,1986,8,464,0.1,68.4,80,56.8
"SEATTLE, WA US",SEA,1986,9,465,1.9,59.1,67.1,51.1
"SEATTLE, WA US",SEA,1986,10,466,4.21,54.3,61.9,46.7
"SEATTLE, WA US",SEA,1986,11,467,7.98,45.3,49.6,41
"SEATTLE, WA US",SEA,1986,12,468,3.67,41.9,47.3,36.6
"SEATTLE, WA US",SEA,1987,1,469,5.98,40.4,45.7,35.2
"SEATTLE, WA US",SEA,1987,2,470,2.05,46.2,52.6,39.8
"SEATTLE, WA US",SEA,1987,3,471,5.53,48.9,56.6,41.3
"SEATTLE, WA US",SEA,1987,4,472,2.61,52,61.1,42.8
"SEATTLE, WA US",SEA,1987,5,473,2.38,56.9,66.3,47.6
"SEATTLE, WA US",SEA,1987,6,474,0.17,62.6,73.8,51.3
"SEATTLE, WA US",SEA,1987,7,475,0.39,64.2,74.3,54
"SEATTLE, WA US",SEA,1987,8,476,0.29,66.1,77.6,54.7
"SEATTLE, WA US",SEA,1987,9,477,0.91,62.5,73.3,51.8
"SEATTLE, WA US",SEA,1987,10,478,0.31,55.7,65.4,46.1
"SEATTLE, WA US",SEA,1987,11,479,3.22,48.5,54.1,42.9
"SEATTLE, WA US",SEA,1987,12,480,6.11,39.2,44.5,33.9
"SEATTLE, WA US",SEA,1988,1,481,4.07,40.1,45.4,34.7
"SEATTLE, WA US",SEA,1988,2,482,0.71,44.4,50.7,38.1
"SEATTLE, WA US",SEA,1988,3,483,3.75,45.6,53.4,37.8
"SEATTLE, WA US",SEA,1988,4,484,3.2,50.3,58.2,42.3
"SEATTLE, WA US",SEA,1988,5,485,3.02,54.8,63.6,46.1
"SEATTLE, WA US",SEA,1988,6,486,1.57,59.6,68.9,50.3
"SEATTLE, WA US",SEA,1988,7,487,0.5,65.3,76.6,53.9
"SEATTLE, WA US",SEA,1988,8,488,0.28,65.4,76.3,54.5
"SEATTLE, WA US",SEA,1988,9,489,1.75,60.5,70.9,50.1
"SEATTLE, WA US",SEA,1988,10,490,2.24,55.4,61.6,49.2
"SEATTLE, WA US",SEA,1988,11,491,8.43,45.4,50.3,40.4
"SEATTLE, WA US",SEA,1988,12,492,3.48,41.9,46.7,37.1
"SEATTLE, WA US",SEA,1989,1,493,2.77,40.5,45.3,35.7
"SEATTLE, WA US",SEA,1989,2,494,3.43,35.9,43.2,28.5
"SEATTLE, WA US",SEA,1989,3,495,5.8,43.7,50.3,37.1
"SEATTLE, WA US",SEA,1989,4,496,2.8,53.4,63,43.8
"SEATTLE, WA US",SEA,1989,5,497,2.78,56,65,46.9
"SEATTLE, WA US",SEA,1989,6,498,1.14,63.2,73.2,53.2
"SEATTLE, WA US",SEA,1989,7,499,0.64,64.5,73.9,55
"SEATTLE, WA US",SEA,1989,8,500,0.89,65.2,75,55.5
"SEATTLE, WA US",SEA,1989,9,501,0.54,64,75.1,53
"SEATTLE, WA US",SEA,1989,10,502,2.98,53.1,60.2,45.9
"SEATTLE, WA US",SEA,1989,11,503,6.12,46.9,51.8,42
"SEATTLE, WA US",SEA,1989,12,504,4.79,42.9,47.3,38.5
"SEATTLE, WA US",SEA,1990,1,505,9.42,42.5,47.3,37.7
"SEATTLE, WA US",SEA,1990,2,506,3.72,39.9,45.9,34
"SEATTLE, WA US",SEA,1990,3,507,2.58,47.1,55.2,39
"SEATTLE, WA US",SEA,1990,4,508,2.54,52.1,59.9,44.3
"SEATTLE, WA US",SEA,1990,5,509,1.98,54.6,63,46.3
"SEATTLE, WA US",SEA,1990,6,510,3.05,59.8,68.4,51.2
"SEATTLE, WA US",SEA,1990,7,511,0.58,68,79.2,56.8
"SEATTLE, WA US",SEA,1990,8,512,0.71,67.2,78,56.5
"SEATTLE, WA US",SEA,1990,9,513,0.06,63.4,72.9,53.9
"SEATTLE, WA US",SEA,1990,10,514,5.8,51.2,58.1,44.2
"SEATTLE, WA US",SEA,1990,11,515,10.7,46.5,51.7,41.4
"SEATTLE, WA US",SEA,1990,12,516,3.63,35.2,40.1,30.4
"SEATTLE, WA US",SEA,1991,1,517,4.46,40,45,34.9
"SEATTLE, WA US",SEA,1991,2,518,4.69,47.7,54.7,40.7
"SEATTLE, WA US",SEA,1991,3,519,4.67,44.1,51,37.2
"SEATTLE, WA US",SEA,1991,4,520,6.54,49.1,57.1,41
"SEATTLE, WA US",SEA,1991,5,521,1.39,54.3,61.8,46.8
"SEATTLE, WA US",SEA,1991,6,522,1.29,58.8,67.1,50.6
"SEATTLE, WA US",SEA,1991,7,523,0.28,66.8,77.7,55.8
"SEATTLE, WA US",SEA,1991,8,524,2.17,66.6,77.1,56
"SEATTLE, WA US",SEA,1991,9,525,0,62.8,73.4,52.3
"SEATTLE, WA US",SEA,1991,10,526,1.31,52.9,61.7,44
"SEATTLE, WA US",SEA,1991,11,527,5.33,47.3,52.1,42.5
"SEATTLE, WA US",SEA,1991,12,528,3.31,43.7,48.4,39
"SEATTLE, WA US",SEA,1992,1,529,7.83,43.9,49.5,38.3
"SEATTLE, WA US",SEA,1992,2,530,3.09,47.2,54.5,40
"SEATTLE, WA US",SEA,1992,3,531,1.68,50.3,59.1,41.5
"SEATTLE, WA US",SEA,1992,4,532,4.12,53.1,61.9,44.3
"SEATTLE, WA US",SEA,1992,5,533,0.12,59.8,71.2,48.4
"SEATTLE, WA US",SEA,1992,6,534,1.14,64.9,75.8,54.1
"SEATTLE, WA US",SEA,1992,7,535,0.89,66.7,76.3,57
"SEATTLE, WA US",SEA,1992,8,536,0.66,66.8,77.8,55.8
"SEATTLE, WA US",SEA,1992,9,537,1.15,60,69.3,50.7
"SEATTLE, WA US",SEA,1992,10,538,2.45,54.4,60.9,47.9
"SEATTLE, WA US",SEA,1992,11,539,5.57,45.4,50.4,40.5
"SEATTLE, WA US",SEA,1992,12,540,4.09,38.8,43.2,34.3
"SEATTLE, WA US",SEA,1993,1,541,4.09,37.9,43.5,32.2
"SEATTLE, WA US",SEA,1993,2,542,0.35,42.3,50.5,34.1
"SEATTLE, WA US",SEA,1993,3,543,4.8,48.1,55.8,40.4
"SEATTLE, WA US",SEA,1993,4,544,4.55,50.5,57,44.1
"SEATTLE, WA US",SEA,1993,5,545,2.87,59.6,68.7,50.5
"SEATTLE, WA US",SEA,1993,6,546,2.49,60.5,68.6,52.4
"SEATTLE, WA US",SEA,1993,7,547,1.27,61.1,68.7,53.6
"SEATTLE, WA US",SEA,1993,8,548,0.16,65.5,74.9,56
"SEATTLE, WA US",SEA,1993,9,549,0.03,61.8,73.5,50.2
"SEATTLE, WA US",SEA,1993,10,550,1.54,55.4,62.8,47.9
"SEATTLE, WA US",SEA,1993,11,551,2.2,42,48.8,35.2
"SEATTLE, WA US",SEA,1993,12,552,4.48,41.4,47.1,35.7
"SEATTLE, WA US",SEA,1994,1,553,2.51,44.9,49.4,40.4
"SEATTLE, WA US",SEA,1994,2,554,4.47,40.4,46.1,34.6
"SEATTLE, WA US",SEA,1994,3,555,3.17,48.5,56.9,40.1
"SEATTLE, WA US",SEA,1994,4,556,2.28,52.3,60.1,44.5
"SEATTLE, WA US",SEA,1994,5,557,1.44,58.1,67.3,49
"SEATTLE, WA US",SEA,1994,6,558,1.25,60.6,69.2,51.9
"SEATTLE, WA US",SEA,1994,7,559,0.28,67.9,78.9,56.8
"SEATTLE, WA US",SEA,1994,8,560,0.3,67.3,76.9,57.7
"SEATTLE, WA US",SEA,1994,9,561,1.69,64.3,73.8,54.9
"SEATTLE, WA US",SEA,1994,10,562,3.51,52.8,59.4,46.1
"SEATTLE, WA US",SEA,1994,11,563,5.8,42.4,47.3,37.4
"SEATTLE, WA US",SEA,1994,12,564,8.17,41.7,46.5,36.9
"SEATTLE, WA US",SEA,1995,1,565,4.47,46.3,52,40.7
"SEATTLE, WA US",SEA,1995,2,566,4.97,45.9,51.3,40.5
"SEATTLE, WA US",SEA,1995,3,567,4.07,47.8,55.8,39.8
"SEATTLE, WA US",SEA,1995,4,568,2.06,51.7,59.8,43.7
"SEATTLE, WA US",SEA,1995,5,569,0.81,60.1,70,50.2
"SEATTLE, WA US",SEA,1995,6,570,1.46,62.7,72.2,53.2
"SEATTLE, WA US",SEA,1995,7,571,1.34,67,76.7,57.3
"SEATTLE, WA US",SEA,1995,8,572,1.81,62.9,71.7,54.2
"SEATTLE, WA US",SEA,1995,9,573,0.91,64,73.4,54.6
"SEATTLE, WA US",SEA,1995,10,574,3.93,52.4,59.4,45.5
"SEATTLE, WA US",SEA,1995,11,575,10.4,49.1,54.5,43.7
"SEATTLE, WA US",SEA,1995,12,576,6.37,42.4,47.5,37.3
"SEATTLE, WA US",SEA,1996,1,577,7.33,39.7,44.2,35.1
"SEATTLE, WA US",SEA,1996,2,578,8.34,43.1,50.6,35.7
"SEATTLE, WA US",SEA,1996,3,579,2.07,47.2,54.6,39.8
"SEATTLE, WA US",SEA,1996,4,580,5.37,51.5,58.7,44.3
"SEATTLE, WA US",SEA,1996,5,581,2.08,53.1,60.5,45.7
"SEATTLE, WA US",SEA,1996,6,582,0.59,60.4,70,50.9
"SEATTLE, WA US",SEA,1996,7,583,0.77,67.8,78.5,57.1
"SEATTLE, WA US",SEA,1996,8,584,1.32,66.4,77,55.9
"SEATTLE, WA US",SEA,1996,9,585,1.85,59.2,67.3,51.1
"SEATTLE, WA US",SEA,1996,10,586,5.54,51.1,57.5,44.7
"SEATTLE, WA US",SEA,1996,11,587,5.23,43.1,48.1,38.1
"SEATTLE, WA US",SEA,1996,12,588,10.19,39.2,44.2,34.3
"SEATTLE, WA US",SEA,1997,1,589,7.02,41.1,45.7,36.5
"SEATTLE, WA US",SEA,1997,2,590,1.98,41.9,48.4,35.4
"SEATTLE, WA US",SEA,1997,3,591,8.15,44.7,51.1,38.4
"SEATTLE, WA US",SEA,1997,4,592,4.33,49.2,56.9,41.4
"SEATTLE, WA US",SEA,1997,5,593,1.87,58.2,67,49.3
"SEATTLE, WA US",SEA,1997,6,594,1.65,59.4,67,51.9
"SEATTLE, WA US",SEA,1997,7,595,1.2,64.4,73.7,55.2
"SEATTLE, WA US",SEA,1997,8,596,1.28,67.7,78.1,57.3
"SEATTLE, WA US",SEA,1997,9,597,3.42,62.2,70.9,53.5
"SEATTLE, WA US",SEA,1997,10,598,5.82,51.3,56.7,45.9
"SEATTLE, WA US",SEA,1997,11,599,3.93,48.4,55.3,41.5
"SEATTLE, WA US",SEA,1997,12,600,2.63,41.5,47.4,35.6
"SEATTLE, WA US",SEA,1998,1,601,7.15,42.2,46.9,37.4
"SEATTLE, WA US",SEA,1998,2,602,3.32,45.7,51.2,40.2
"SEATTLE, WA US",SEA,1998,3,603,3.96,46.6,53.2,40
"SEATTLE, WA US",SEA,1998,4,604,0.99,50.4,58.5,42.2
"SEATTLE, WA US",SEA,1998,5,605,1.98,54.8,61.2,48.4
"SEATTLE, WA US",SEA,1998,6,606,1.11,59.9,68,51.7
"SEATTLE, WA US",SEA,1998,7,607,0.41,67.6,77.3,57.8
"SEATTLE, WA US",SEA,1998,8,608,0.35,66.8,77.3,56.2
"SEATTLE, WA US",SEA,1998,9,609,0.72,63.1,73.1,53.1
"SEATTLE, WA US",SEA,1998,10,610,3.48,52.6,59.4,45.8
"SEATTLE, WA US",SEA,1998,11,611,11.62,46.7,50.9,42.5
"SEATTLE, WA US",SEA,1998,12,612,8.98,39.9,44.2,35.6
"SEATTLE, WA US",SEA,1999,1,613,6.85,42,46,37.9
"SEATTLE, WA US",SEA,1999,2,614,6.96,42.5,47.5,37.5
"SEATTLE, WA US",SEA,1999,3,615,3.65,44.3,50.6,38
"SEATTLE, WA US",SEA,1999,4,616,1.48,48.5,57.3,39.7
"SEATTLE, WA US",SEA,1999,5,617,2.12,51.8,59.6,44
"SEATTLE, WA US",SEA,1999,6,618,1.86,58.1,65.7,50.6
"SEATTLE, WA US",SEA,1999,7,619,1.18,62.4,71.7,53.1
"SEATTLE, WA US",SEA,1999,8,620,0.92,64.8,73.4,56.1
"SEATTLE, WA US",SEA,1999,9,621,0.17,60.8,70.9,50.7
"SEATTLE, WA US",SEA,1999,10,622,2.27,52.1,59.4,44.9
"SEATTLE, WA US",SEA,1999,11,623,9.6,47.9,53.2,42.6
"SEATTLE, WA US",SEA,1999,12,624,5.06,42,46.1,37.8
"SEATTLE, WA US",SEA,2000,1,625,3.77,40.3,45.2,35.3
"SEATTLE, WA US",SEA,2000,2,626,5.26,43.7,49.9,37.5
"SEATTLE, WA US",SEA,2000,3,627,2.83,44.5,50.9,38
"SEATTLE, WA US",SEA,2000,4,628,1.48,50.9,58.8,43
"SEATTLE, WA US",SEA,2000,5,629,3.27,53.8,60.7,47
"SEATTLE, WA US",SEA,2000,6,630,1.61,60.6,69.3,51.8
"SEATTLE, WA US",SEA,2000,7,631,0.23,64.3,73.5,55
"SEATTLE, WA US",SEA,2000,8,632,0.33,63.4,72.9,54
"SEATTLE, WA US",SEA,2000,9,633,1.12,60.2,68.6,51.8
"SEATTLE, WA US",SEA,2000,10,634,3,52.8,59.6,46
"SEATTLE, WA US",SEA,2000,11,635,3.28,42.5,48.5,36.4
"SEATTLE, WA US",SEA,2000,12,636,2.51,40.7,46,35.5
"SEATTLE, WA US",SEA,2001,1,637,2.7,42,47.6,36.3
"SEATTLE, WA US",SEA,2001,2,638,2.07,40.7,47.7,33.6
"SEATTLE, WA US",SEA,2001,3,639,2.73,45.4,52.1,38.7
"SEATTLE, WA US",SEA,2001,4,640,3.16,47.9,55,40.9
"SEATTLE, WA US",SEA,2001,5,641,1.39,55.3,64.9,45.8
"SEATTLE, WA US",SEA,2001,6,642,3.06,57.6,65.3,49.9
"SEATTLE, WA US",SEA,2001,7,643,1.04,62.4,71.7,53.2
"SEATTLE, WA US",SEA,2001,8,644,2.32,64.8,73.8,55.8
"SEATTLE, WA US",SEA,2001,9,645,0.83,59.8,67.7,51.8
"SEATTLE, WA US",SEA,2001,10,646,3.14,50.9,56.8,44.9
"SEATTLE, WA US",SEA,2001,11,647,9.26,46.7,51.5,41.8
"SEATTLE, WA US",SEA,2001,12,648,5.89,41.5,46.7,36.3
"SEATTLE, WA US",SEA,2002,1,649,5.99,40.7,44.7,36.8
"SEATTLE, WA US",SEA,2002,2,650,4.18,41.8,48.2,35.5
"SEATTLE, WA US",SEA,2002,3,651,2.83,41.9,47.5,36.2
"SEATTLE, WA US",SEA,2002,4,652,4.3,48.8,55.7,41.8
"SEATTLE, WA US",SEA,2002,5,653,1.11,53,60.8,45.2
"SEATTLE, WA US",SEA,2002,6,654,1.74,61.1,70.2,52
"SEATTLE, WA US",SEA,2002,7,655,0.64,64.9,74.2,55.7
"SEATTLE, WA US",SEA,2002,8,656,0.04,65.2,75.7,54.7
"SEATTLE, WA US",SEA,2002,9,657,0.42,60.6,70.1,51.1
"SEATTLE, WA US",SEA,2002,10,658,0.67,51.4,57.9,44.8
"SEATTLE, WA US",SEA,2002,11,659,3.51,47,53.4,40.7
"SEATTLE, WA US",SEA,2002,12,660,5.98,43,47.8,38.2
"SEATTLE, WA US",SEA,2003,1,661,8.39,45.7,51.1,40.4
"SEATTLE, WA US",SEA,2003,2,662,1.77,41.6,47.5,35.7
"SEATTLE, WA US",SEA,2003,3,663,6.33,46.8,52.4,41.2
"SEATTLE, WA US",SEA,2003,4,664,2.74,48.9,55.3,42.5
"SEATTLE, WA US",SEA,2003,5,665,1.17,54.8,62.9,46.7
"SEATTLE, WA US",SEA,2003,6,666,0.51,62.8,72.4,53.2
"SEATTLE, WA US",SEA,2003,7,667,0.06,67.8,79,56.7
"SEATTLE, WA US",SEA,2003,8,668,0.32,66.4,76.7,56
"SEATTLE, WA US",SEA,2003,9,669,0.89,62.6,71.7,53.5
"SEATTLE, WA US",SEA,2003,10,670,8.96,54.2,60.2,48.3
"SEATTLE, WA US",SEA,2003,11,671,6.78,42.8,48.5,37.1
"SEATTLE, WA US",SEA,2003,12,672,3.89,41.7,46.6,36.9
"SEATTLE, WA US",SEA,2004,1,673,6.36,40.3,44.8,35.7
"SEATTLE, WA US",SEA,2004,2,674,2.44,44.5,50.9,38
"SEATTLE, WA US",SEA,2004,3,675,2.14,47.6,54.6,40.5
"SEATTLE, WA US",SEA,2004,4,676,0.65,53.3,62.9,43.6
"SEATTLE, WA US",SEA,2004,5,677,2.51,56.9,64.8,49.1
"SEATTLE, WA US",SEA,2004,6,678,0.71,63.3,72.9,53.8
"SEATTLE, WA US",SEA,2004,7,679,0.16,68.1,78.3,58
"SEATTLE, WA US",SEA,2004,8,680,3,67.1,76,58.1
"SEATTLE, WA US",SEA,2004,9,681,2.8,58.8,65.3,52.3
"SEATTLE, WA US",SEA,2004,10,682,2.8,53.3,59.3,47.3
"SEATTLE, WA US",SEA,2004,11,683,3.16,45,50.2,39.7
"SEATTLE, WA US",SEA,2004,12,684,4.37,42.5,46.9,38
"SEATTLE, WA US",SEA,2005,1,685,4.44,42.1,47.4,36.8
"SEATTLE, WA US",SEA,2005,2,686,1.2,42.6,51,34.1
"SEATTLE, WA US",SEA,2005,3,687,3.71,49,56.2,41.9
"SEATTLE, WA US",SEA,2005,4,688,3.69,50.7,57.9,43.5
"SEATTLE, WA US",SEA,2005,5,689,3.32,58.2,65.8,50.6
"SEATTLE, WA US",SEA,2005,6,690,1.63,59.9,67.4,52.4
"SEATTLE, WA US",SEA,2005,7,691,1.04,65.6,75.3,55.8
"SEATTLE, WA US",SEA,2005,8,692,0.29,66.7,77.3,56.2
"SEATTLE, WA US",SEA,2005,9,693,0.76,59.5,68.1,50.9
"SEATTLE, WA US",SEA,2005,10,694,3.02,54,59.8,48.2
"SEATTLE, WA US",SEA,2005,11,695,5.53,42.9,47.5,38.2
"SEATTLE, WA US",SEA,2005,12,696,6.86,42.6,47.4,37.9
"SEATTLE, WA US",SEA,2006,1,697,11.65,46.6,50.8,42.3
"SEATTLE, WA US",SEA,2006,2,698,2.55,42.9,49.6,36.2
"SEATTLE, WA US",SEA,2006,3,699,2.18,45.5,52.7,38.3
"SEATTLE, WA US",SEA,2006,4,700,2.74,50.3,58.7,41.9
"SEATTLE, WA US",SEA,2006,5,701,1.65,56.8,66.1,47.5
"SEATTLE, WA US",SEA,2006,6,702,1.68,63.1,72.2,54
"SEATTLE, WA US",SEA,2006,7,703,0.06,67.5,78.1,56.9
"SEATTLE, WA US",SEA,2006,8,704,0.02,65.9,77.1,54.7
"SEATTLE, WA US",SEA,2006,9,705,1.43,62.3,72.4,52.2
"SEATTLE, WA US",SEA,2006,10,706,1.55,52.2,59.1,45.4
"SEATTLE, WA US",SEA,2006,11,707,15.64,44.1,49.1,39.2
"SEATTLE, WA US",SEA,2006,12,708,7.3,40.6,45.8,35.4
"SEATTLE, WA US",SEA,2007,1,709,6.23,38,43.6,32.4
"SEATTLE, WA US",SEA,2007,2,710,3.39,43.6,48.7,38.6
"SEATTLE, WA US",SEA,2007,3,711,4.43,47.1,53.5,40.7
"SEATTLE, WA US",SEA,2007,4,712,0.69,50.6,58.7,42.5
"SEATTLE, WA US",SEA,2007,5,713,1.47,56.6,66.4,46.7
"SEATTLE, WA US",SEA,2007,6,714,1.34,60.3,69.3,51.3
"SEATTLE, WA US",SEA,2007,7,715,1.44,67.7,77.3,58.2
"SEATTLE, WA US",SEA,2007,8,716,0.74,65.6,74.8,56.4
"SEATTLE, WA US",SEA,2007,9,717,3.16,59.9,67.4,52.5
"SEATTLE, WA US",SEA,2007,10,718,3.32,50.5,57.1,44
"SEATTLE, WA US",SEA,2007,11,719,3.71,44.3,49.4,39.2
"SEATTLE, WA US",SEA,2007,12,720,9.08,39.8,43.6,36
"SEATTLE, WA US",SEA,2008,1,721,4.27,38.7,43.6,33.8
"SEATTLE, WA US",SEA,2008,2,722,1.47,43.9,49.6,38.2
"SEATTLE, WA US",SEA,2008,3,723,3.66,43.5,49.9,37
"SEATTLE, WA US",SEA,2008,4,724,1.91,47,55.1,38.9
"SEATTLE, WA US",SEA,2008,5,725,0.89,56.1,63.9,48.3
"SEATTLE, WA US",SEA,2008,6,726,1.64,58.4,66.8,49.9
"SEATTLE, WA US",SEA,2008,7,727,0.48,64.9,74.9,54.9
"SEATTLE, WA US",SEA,2008,8,728,2.88,65.9,74.6,57.2
"SEATTLE, WA US",SEA,2008,9,729,0.78,61,69.8,52.2
"SEATTLE, WA US",SEA,2008,10,730,2.18,51.6,58.2,45.1
"SEATTLE, WA US",SEA,2008,11,731,6.52,49.2,54.5,43.8
"SEATTLE, WA US",SEA,2008,12,732,4.11,36.9,40.8,33
"SEATTLE, WA US",SEA,2009,1,733,5.4,39.1,43.7,34.4
"SEATTLE, WA US",SEA,2009,2,734,1.51,41.6,48.5,34.8
"SEATTLE, WA US",SEA,2009,3,735,4.16,41.7,48,35.4
"SEATTLE, WA US",SEA,2009,4,736,3.37,49.2,57.7,40.6
"SEATTLE, WA US",SEA,2009,5,737,3.61,56.2,65.9,46.6
"SEATTLE, WA US",SEA,2009,6,738,0.19,63.8,73.1,54.4
"SEATTLE, WA US",SEA,2009,7,739,0.06,69.4,81,57.9
"SEATTLE, WA US",SEA,2009,8,740,1.16,65.6,74.7,56.5
"SEATTLE, WA US",SEA,2009,9,741,1.76,62.4,71.6,53.2
"SEATTLE, WA US",SEA,2009,10,742,5.54,52.2,58.5,45.9
"SEATTLE, WA US",SEA,2009,11,743,8.97,46.6,52,41.3
"SEATTLE, WA US",SEA,2009,12,744,2.75,37.9,43.7,32.1
"SEATTLE, WA US",SEA,2010,1,745,6.18,47,51.4,42.5
"SEATTLE, WA US",SEA,2010,2,746,3.53,46.8,53.1,40.5
"SEATTLE, WA US",SEA,2010,3,747,3.76,47,54.4,39.6
"SEATTLE, WA US",SEA,2010,4,748,3.5,49.5,56.5,42.5
"SEATTLE, WA US",SEA,2010,5,749,2.83,53.2,60.9,45.5
"SEATTLE, WA US",SEA,2010,6,750,2.5,58.3,65.6,51
"SEATTLE, WA US",SEA,2010,7,751,0.31,64.5,74.9,54.2
"SEATTLE, WA US",SEA,2010,8,752,0.64,65.4,75.2,55.5
"SEATTLE, WA US",SEA,2010,9,753,4.8,60.9,67.3,54.4
"SEATTLE, WA US",SEA,2010,10,754,5.24,53.3,59.8,46.8
"SEATTLE, WA US",SEA,2010,11,755,5.06,43.2,48.3,38
"SEATTLE, WA US",SEA,2010,12,756,8.7,43.2,47.9,38.4
"SEATTLE, WA US",SEA,2011,1,757,4.99,41.8,46.2,37.3
"SEATTLE, WA US",SEA,2011,2,758,3.06,39.3,45,33.5
"SEATTLE, WA US",SEA,2011,3,759,6.29,45.2,51.4,38.9
"SEATTLE, WA US",SEA,2011,4,760,4.47,45.5,52.2,38.8
"SEATTLE, WA US",SEA,2011,5,761,3.2,52.3,59.7,44.9
"SEATTLE, WA US",SEA,2011,6,762,1.42,59.4,67.6,51.2
"SEATTLE, WA US",SEA,2011,7,763,0.7,64.1,73.6,54.8
"SEATTLE, WA US",SEA,2011,8,764,0.13,65.8,75.8,55.8
"SEATTLE, WA US",SEA,2011,9,765,1.3,64,73.5,54.5
"SEATTLE, WA US",SEA,2011,10,766,3.45,52.2,58,46.4
"SEATTLE, WA US",SEA,2011,11,767,5.16,43.1,49.3,36.8
"SEATTLE, WA US",SEA,2011,12,768,2.25,39.2,44.3,34
"SEATTLE, WA US",SEA,2012,1,769,6.82,39.7,44.7,34.8
"SEATTLE, WA US",SEA,2012,2,770,3.63,43.2,48.7,37.8
"SEATTLE, WA US",SEA,2012,3,771,7.2,43.2,49.2,37.1
"SEATTLE, WA US",SEA,2012,4,772,2.68,50.8,58.8,42.8
"SEATTLE, WA US",SEA,2012,5,773,2.06,55.3,63.8,46.7
"SEATTLE, WA US",SEA,2012,6,774,2.96,58.3,65.6,50.9
"SEATTLE, WA US",SEA,2012,7,775,1.04,64.3,73.2,55.3
"SEATTLE, WA US",SEA,2012,8,776,0,67.9,78.5,57.2
"SEATTLE, WA US",SEA,2012,9,777,0.04,62.7,73.2,52.2
"SEATTLE, WA US",SEA,2012,10,778,6.7,53.8,60.5,47.1
"SEATTLE, WA US",SEA,2012,11,779,8.29,46.9,52.4,41.4
"SEATTLE, WA US",SEA,2012,12,780,6.85,41.5,45,37.9
"SEATTLE, WA US",SEA,2013,1,781,4.16,38.2,43,33.4
"SEATTLE, WA US",SEA,2013,2,782,1.59,44.4,49,39.8
"SEATTLE, WA US",SEA,2013,3,783,2.74,47.9,54.9,41
"SEATTLE, WA US",SEA,2013,4,784,5.89,50.8,57.6,44.1
"SEATTLE, WA US",SEA,2013,5,785,2.38,58.6,67.3,49.9
"SEATTLE, WA US",SEA,2013,6,786,1.3,64.8,73.8,55.7
"SEATTLE, WA US",SEA,2013,7,787,0,68,79,57.1
"SEATTLE, WA US",SEA,2013,8,788,1.35,69.4,79,59.9
"SEATTLE, WA US",SEA,2013,9,789,6.17,63.5,70.4,56.5
"SEATTLE, WA US",SEA,2013,10,790,1.54,51.7,57.6,45.8
"SEATTLE, WA US",SEA,2013,11,791,3.79,47.9,53.7,42.1
"SEATTLE, WA US",SEA,2013,12,792,1.67,39.7,44.6,34.8
"SEATTLE, WA US",SEA,2014,1,793,3.7,44.3,49.3,39.4
"SEATTLE, WA US",SEA,2014,2,794,6.11,41.8,46.8,36.8
"SEATTLE, WA US",SEA,2014,3,795,9.45,48.5,55.2,41.8
"SEATTLE, WA US",SEA,2014,4,796,4.18,52,59.8,44.1
"SEATTLE, WA US",SEA,2014,5,797,3.15,59.1,67.8,50.4
"SEATTLE, WA US",SEA,2014,6,798,0.74,62,70.9,53.2
"SEATTLE, WA US",SEA,2014,7,799,0.77,69.2,80.4,58
"SEATTLE, WA US",SEA,2014,8,800,1.81,69.2,79.5,58.8
"SEATTLE, WA US",SEA,2014,9,801,2.23,64.8,73.7,55.8
"SEATTLE, WA US",SEA,2014,10,802,6.75,58,64.3,51.6
"SEATTLE, WA US",SEA,2014,11,803,4.85,46,51.9,40.1
"SEATTLE, WA US",SEA,2014,12,804,4.8,45.3,50.3,40.3
"SEATTLE, WA US",SEA,2015,1,805,3.66,45,50.3,39.8
"SEATTLE, WA US",SEA,2015,2,806,5.28,48.7,54.5,43
"SEATTLE, WA US",SEA,2015,3,807,4.47,50.5,57.9,43.1
"SEATTLE, WA US",SEA,2015,4,808,2.03,51.4,59.9,42.9
"SEATTLE, WA US",SEA,2015,5,809,0.58,59.1,68.1,50.2
"SEATTLE, WA US",SEA,2015,6,810,0.23,67.7,78.9,56.4
"SEATTLE, WA US",SEA,2015,7,811,0.09,71.2,82.6,59.9
"SEATTLE, WA US",SEA,2015,8,812,3.28,68.7,79,58.4
"SEATTLE, WA US",SEA,2015,9,813,0.83,60.5,68.5,52.5
"SEATTLE, WA US",SEA,2015,10,814,4.82,57.2,63.6,50.9
"SEATTLE, WA US",SEA,2015,11,815,8.37,43.8,49.4,38.3
"SEATTLE, WA US",SEA,2015,12,816,11.2,43,47.1,38.9
"SEATTLE, WA US",SEA,2016,1,817,7.46,43.7,49,38.4
"SEATTLE, WA US",SEA,2016,2,818,5.97,47.4,53.5,41.2
"SEATTLE, WA US",SEA,2016,3,819,5.52,49.4,56.4,42.3
"SEATTLE, WA US",SEA,2016,4,820,1.19,56.7,65.9,47.5
"SEATTLE, WA US",SEA,2016,5,821,0.94,59.8,68.8,50.7
"SEATTLE, WA US",SEA,2016,6,822,1.78,63.5,73.1,53.9
"SEATTLE, WA US",SEA,2016,7,823,0.72,66.8,76,57.6
"SEATTLE, WA US",SEA,2016,8,824,0.17,68.7,79.6,57.9
"SEATTLE, WA US",SEA,2016,9,825,1.06,61.2,69.6,52.9
"SEATTLE, WA US",SEA,2016,10,826,10.04,54.8,60.5,49.1
"SEATTLE, WA US",SEA,2016,11,827,6.48,50.9,56,45.7
"SEATTLE, WA US",SEA,2016,12,828,3.88,38,41.9,34.1
"SEATTLE, WA US",SEA,2017,1,829,4.22,37.9,43.7,32.1
"SEATTLE, WA US",SEA,2017,2,830,8.86,41.3,46.6,36
"SEATTLE, WA US",SEA,2017,3,831,7.33,46.1,51.5,40.5
"SEATTLE, WA US",SEA,2017,4,832,4.21,50.6,57.3,44
"SEATTLE, WA US",SEA,2017,5,833,2.29,57.9,67,48.8
"SEATTLE, WA US",SEA,2017,6,834,1.52,62.9,72.1,53.7
"SEATTLE, WA US",SEA,2017,7,835,0,67.3,78.3,56.3
"SEATTLE, WA US",SEA,2017,8,836,0.02,70.3,81.5,59
"SEATTLE, WA US",SEA,2017,9,837,0.59,64.7,73.8,55.6
"SEATTLE, WA US",SEA,2017,10,838,4.81,53.2,61.1,45.3
"SEATTLE, WA US",SEA,2017,11,839,8.65,46.7,51.3,42
"SEATTLE, WA US",SEA,2017,12,840,5.44,40.1,45.5,34.6
"SEATTLE, WA US",SEA,2018,1,841,8.12,45,49.7,40.3
"SEATTLE, WA US",SEA,2018,2,842,2.17,41.2,45.8,36.6
"SEATTLE, WA US",SEA,2018,3,843,2.44,46.3,54,38.6
"SEATTLE, WA US",SEA,2018,4,844,5.7,51.3,58.6,44.1
"SEATTLE, WA US",SEA,2018,5,845,0.12,61.2,70.8,51.5
"SEATTLE, WA US",SEA,2018,6,846,0.63,62.6,71.9,53.4
"SEATTLE, WA US",SEA,2018,7,847,0.05,70.7,82.8,58.5
"SEATTLE, WA US",SEA,2018,8,848,0.2,68.8,79.1,58.5
"SEATTLE, WA US",SEA,2018,9,849,1.05,62.3,70.5,54.1
"SEATTLE, WA US",SEA,2018,10,850,3.78,53.8,60.5,47
"SEATTLE, WA US",SEA,2018,11,851,5.43,48.5,53.9,43.2
"SEATTLE, WA US",SEA,2018,12,852,6.09,44.2,48.9,39.4
"SEATTLE, WA US",SEA,2019,1,853,3.83,45,51.1,38.9
"SEATTLE, WA US",SEA,2019,2,854,4.63,36.7,41.8,31.6
"SEATTLE, WA US",SEA,2019,3,855,1.37,48.5,57.2,39.7
"SEATTLE, WA US",SEA,2019,4,856,3.54,52.4,59.3,45.6
"SEATTLE, WA US",SEA,2019,5,857,0.62,60.5,69.7,51.2
"SEATTLE, WA US",SEA,2019,6,858,0.9,63.6,73.4,53.9
"SEATTLE, WA US",SEA,2019,7,859,1.15,67.5,76.5,58.5
"SEATTLE, WA US",SEA,2019,8,860,1.2,69.1,78.3,59.9
"SEATTLE, WA US",SEA,2019,9,861,3.32,62.8,69.4,56.1
"SEATTLE, WA US",SEA,2019,10,862,3.67,50.8,58,43.7
"SEATTLE, WA US",SEA,2019,11,863,1.71,46.6,52.6,40.7
"SEATTLE, WA US",SEA,2019,12,864,7.97,44.5,48.2,40.7
"SEATTLE, WA US",SEA,2020,1,865,9.23,45.1,49.4,40.8
"SEATTLE, WA US",SEA,2020,2,866,4.06,43.6,49.5,37.8
"SEATTLE, WA US",SEA,2020,3,867,3.17,44.8,51.3,38.3
"SEATTLE, WA US",SEA,2020,4,868,1.7,52.3,61,43.6
"SEATTLE, WA US",SEA,2020,5,869,3.13,59.3,68,50.5
"SEATTLE, WA US",SEA,2020,6,870,2.28,61.8,70.3,53.4
"SEATTLE, WA US",SEA,2020,7,871,0.17,67,76.8,57.2
"SEATTLE, WA US",SEA,2020,8,872,0.31,67.9,78.4,57.4
"SEATTLE, WA US",SEA,2020,9,873,2.48,65.5,74.3,56.7
"SEATTLE, WA US",SEA,2020,10,874,2.58,54.3,60.2,48.4
"SEATTLE, WA US",SEA,2020,11,875,5.58,46.3,51.4,41.3
"SEATTLE, WA US",SEA,2020,12,876,6.65,44.4,49.8,38.9
